{
  "total_processed": 8,
  "successful": 8,
  "failed": 0,
  "no_url": 0,
  "not_image": 0,
  "download_failed": 0,
  "upload_failed": 0,
  "notion_update_failed": 0,
  "processing_times": [
    2.7417304515838623,
    2.7366907596588135,
    2.140178680419922,
    2.2397172451019287,
    2.15417742729187,
    1.8413774967193604,
    2.3403632640838623,
    2.3118245601654053
  ],
  "errors": []
}